gene,log2FoldChange,padj,stat
IFIT1,2.30,0.00008,6.10
STAT1,1.95,0.00022,5.44
CCNB1,-1.54,0.00170,-4.51
MCM5,-1.41,0.00285,-4.06
