gene,stat
IFIT1,4.09691001301
STAT1,3.65757731918
MCM5,-2.54515513999
CCNB1,-2.76955107862
